{
    "_comment_": [
        "Please do not automate the download and installation of Forge.",
        "Our efforts are supported by ads from the download page.",
        "If you MUST automate this, please consider supporting the project through https://www.patreon.com/LexManos/"
    ],
    "id": "1.18.1-forge-39.1.2",
    "time": "2022-03-01T19:04:03+00:00",
    "releaseTime": "2022-03-01T19:04:03+00:00",
    "type": "release",
    "mainClass": "cpw.mods.bootstraplauncher.BootstrapLauncher",
    "inheritsFrom": "1.18.1",
    "logging": {
        
    },
    "arguments": {
        "game": [
            "--launchTarget",
            "forgeclient",
            "--fml.forgeVersion",
            "39.1.2",
            "--fml.mcVersion",
            "1.18.1",
            "--fml.forgeGroup",
            "net.minecraftforge",
            "--fml.mcpVersion",
            "20211210.034407"
        ],
        "jvm": [
            "-DignoreList=bootstraplauncher,securejarhandler,asm-commons,asm-util,asm-analysis,asm-tree,asm,client-extra,fmlcore,javafmllanguage,mclanguage,forge-,${version_name}.jar",
            "-DmergeModules=jna-5.8.0.jar,jna-platform-58.0.jar,java-objc-bridge-1.0.0.jar",
            "-DlibraryDirectory=${library_directory}",
            "-p",
            "${library_directory}/cpw/mods/bootstraplauncher/1.0.0/bootstraplauncher-1.0.0.jar${classpath_separator}${library_directory}/cpw/mods/securejarhandler/1.0.3/securejarhandler-1.0.3.jar${classpath_separator}${library_directory}/org/ow2/asm/asm-commons/9.2/asm-commons-9.2.jar${classpath_separator}${library_directory}/org/ow2/asm/asm-util/9.2/asm-util-9.2.jar${classpath_separator}${library_directory}/org/ow2/asm/asm-analysis/9.2/asm-analysis-9.2.jar${classpath_separator}${library_directory}/org/ow2/asm/asm-tree/9.2/asm-tree-9.2.jar${classpath_separator}${library_directory}/org/ow2/asm/asm/9.2/asm-9.2.jar",
            "--add-modules",
            "ALL-MODULE-PATH",
            "--add-opens",
            "java.base/java.util.jar=cpw.mods.securejarhandler",
            "--add-exports",
            "java.base/sun.security.util=cpw.mods.securejarhandler",
            "--add-exports",
            "jdk.naming.dns/com.sun.jndi.dns=java.naming"
        ]
    },
    "libraries": [
        {
            "name": "cpw.mods:securejarhandler:1.0.3",
            "downloads": {
                "artifact": {
                    "path": "cpw/mods/securejarhandler/1.0.3/securejarhandler-1.0.3.jar",
                    "url": "https://maven.minecraftforge.net/cpw/mods/securejarhandler/1.0.3/securejarhandler-1.0.3.jar",
                    "sha1": "acbf5e3c8a38fb8bf824a54fe45eee121c510392",
                    "size": 103266
                }
            }
        },
        {
            "name": "org.ow2.asm:asm:9.2",
            "downloads": {
                "artifact": {
                    "path": "org/ow2/asm/asm/9.2/asm-9.2.jar",
                    "url": "https://maven.minecraftforge.net/org/ow2/asm/asm/9.2/asm-9.2.jar",
                    "sha1": "81a03f76019c67362299c40e0ba13405f5467bff",
                    "size": 122004
                }
            }
        },
        {
            "name": "org.ow2.asm:asm-commons:9.2",
            "downloads": {
                "artifact": {
                    "path": "org/ow2/asm/asm-commons/9.2/asm-commons-9.2.jar",
                    "url": "https://maven.minecraftforge.net/org/ow2/asm/asm-commons/9.2/asm-commons-9.2.jar",
                    "sha1": "f4d7f0fc9054386f2893b602454d48e07d4fbead",
                    "size": 72642
                }
            }
        },
        {
            "name": "org.ow2.asm:asm-tree:9.2",
            "downloads": {
                "artifact": {
                    "path": "org/ow2/asm/asm-tree/9.2/asm-tree-9.2.jar",
                    "url": "https://maven.minecraftforge.net/org/ow2/asm/asm-tree/9.2/asm-tree-9.2.jar",
                    "sha1": "d96c99a30f5e1a19b0e609dbb19a44d8518ac01e",
                    "size": 52660
                }
            }
        },
        {
            "name": "org.ow2.asm:asm-util:9.2",
            "downloads": {
                "artifact": {
                    "path": "org/ow2/asm/asm-util/9.2/asm-util-9.2.jar",
                    "url": "https://maven.minecraftforge.net/org/ow2/asm/asm-util/9.2/asm-util-9.2.jar",
                    "sha1": "fbc178fc5ba3dab50fd7e8a5317b8b647c8e8946",
                    "size": 84854
                }
            }
        },
        {
            "name": "org.ow2.asm:asm-analysis:9.2",
            "downloads": {
                "artifact": {
                    "path": "org/ow2/asm/asm-analysis/9.2/asm-analysis-9.2.jar",
                    "url": "https://maven.minecraftforge.net/org/ow2/asm/asm-analysis/9.2/asm-analysis-9.2.jar",
                    "sha1": "7487dd756daf96cab9986e44b9d7bcb796a61c10",
                    "size": 34257
                }
            }
        },
        {
            "name": "net.minecraftforge:accesstransformers:8.0.4",
            "downloads": {
                "artifact": {
                    "path": "net/minecraftforge/accesstransformers/8.0.4/accesstransformers-8.0.4.jar",
                    "url": "https://maven.minecraftforge.net/net/minecraftforge/accesstransformers/8.0.4/accesstransformers-8.0.4.jar",
                    "sha1": "272d240aa73f42195b2a68e2ebd8b701ecf41f63",
                    "size": 77756
                }
            }
        },
        {
            "name": "org.antlr:antlr4-runtime:4.9.1",
            "downloads": {
                "artifact": {
                    "path": "org/antlr/antlr4-runtime/4.9.1/antlr4-runtime-4.9.1.jar",
                    "url": "https://maven.minecraftforge.net/org/antlr/antlr4-runtime/4.9.1/antlr4-runtime-4.9.1.jar",
                    "sha1": "428664f05d2b7f7b7610204b5aa7c1763f62011a",
                    "size": 337868
                }
            }
        },
        {
            "name": "net.minecraftforge:eventbus:5.0.3",
            "downloads": {
                "artifact": {
                    "path": "net/minecraftforge/eventbus/5.0.3/eventbus-5.0.3.jar",
                    "url": "https://maven.minecraftforge.net/net/minecraftforge/eventbus/5.0.3/eventbus-5.0.3.jar",
                    "sha1": "f2317ed9d19271be8727a71ae3e5dfeb62715594",
                    "size": 42838
                }
            }
        },
        {
            "name": "net.minecraftforge:forgespi:4.0.10",
            "downloads": {
                "artifact": {
                    "path": "net/minecraftforge/forgespi/4.0.10/forgespi-4.0.10.jar",
                    "url": "https://maven.minecraftforge.net/net/minecraftforge/forgespi/4.0.10/forgespi-4.0.10.jar",
                    "sha1": "e08fb9a9e485abbbd380516c222e2b502eb0718e",
                    "size": 21869
                }
            }
        },
        {
            "name": "net.minecraftforge:coremods:5.0.1",
            "downloads": {
                "artifact": {
                    "path": "net/minecraftforge/coremods/5.0.1/coremods-5.0.1.jar",
                    "url": "https://maven.minecraftforge.net/net/minecraftforge/coremods/5.0.1/coremods-5.0.1.jar",
                    "sha1": "386b00279628b105b2d507539c46e134e96f6237",
                    "size": 24199
                }
            }
        },
        {
            "name": "cpw.mods:modlauncher:9.1.3",
            "downloads": {
                "artifact": {
                    "path": "cpw/mods/modlauncher/9.1.3/modlauncher-9.1.3.jar",
                    "url": "https://maven.minecraftforge.net/cpw/mods/modlauncher/9.1.3/modlauncher-9.1.3.jar",
                    "sha1": "7339d0e87813c366d706c3fdba479455e2283ecd",
                    "size": 129301
                }
            }
        },
        {
            "name": "net.minecraftforge:unsafe:0.2.0",
            "downloads": {
                "artifact": {
                    "path": "net/minecraftforge/unsafe/0.2.0/unsafe-0.2.0.jar",
                    "url": "https://maven.minecraftforge.net/net/minecraftforge/unsafe/0.2.0/unsafe-0.2.0.jar",
                    "sha1": "54d7a0a5e8fdb71b973025caa46f341ae5904f39",
                    "size": 2834
                }
            }
        },
        {
            "name": "com.electronwill.night-config:core:3.6.4",
            "downloads": {
                "artifact": {
                    "path": "com/electronwill/night-config/core/3.6.4/core-3.6.4.jar",
                    "url": "https://maven.minecraftforge.net/com/electronwill/night-config/core/3.6.4/core-3.6.4.jar",
                    "sha1": "510f174abbf1c947494db50ef2445683bd52c230",
                    "size": 199834
                }
            }
        },
        {
            "name": "com.electronwill.night-config:toml:3.6.4",
            "downloads": {
                "artifact": {
                    "path": "com/electronwill/night-config/toml/3.6.4/toml-3.6.4.jar",
                    "url": "https://maven.minecraftforge.net/com/electronwill/night-config/toml/3.6.4/toml-3.6.4.jar",
                    "sha1": "51d6cefb2b55ee55ee26b16391212fb2c7dfb4f4",
                    "size": 31816
                }
            }
        },
        {
            "name": "org.apache.maven:maven-artifact:3.6.3",
            "downloads": {
                "artifact": {
                    "path": "org/apache/maven/maven-artifact/3.6.3/maven-artifact-3.6.3.jar",
                    "url": "https://maven.minecraftforge.net/org/apache/maven/maven-artifact/3.6.3/maven-artifact-3.6.3.jar",
                    "sha1": "f8ff8032903882376e8d000c51e3e16d20fc7df7",
                    "size": 57824
                }
            }
        },
        {
            "name": "org.apache.commons:commons-lang3:3.12.0",
            "downloads": {
                "artifact": {
                    "path": "org/apache/commons/commons-lang3/3.12.0/commons-lang3-3.12.0.jar",
                    "url": "https://libraries.minecraft.net/org/apache/commons/commons-lang3/3.12.0/commons-lang3-3.12.0.jar",
                    "sha1": "c6842c86792ff03b9f1d1fe2aab8dc23aa6c6f0e",
                    "size": 587402
                }
            }
        },
        {
            "name": "net.jodah:typetools:0.8.3",
            "downloads": {
                "artifact": {
                    "path": "net/jodah/typetools/0.8.3/typetools-0.8.3.jar",
                    "url": "https://maven.minecraftforge.net/net/jodah/typetools/0.8.3/typetools-0.8.3.jar",
                    "sha1": "98f84f353457629e81cc6827224871b1a8faa7af",
                    "size": 15425
                }
            }
        },
        {
            "name": "org.apache.logging.log4j:log4j-api:2.15.0",
            "downloads": {
                "artifact": {
                    "path": "org/apache/logging/log4j/log4j-api/2.15.0/log4j-api-2.15.0.jar",
                    "url": "https://libraries.minecraft.net/org/apache/logging/log4j/log4j-api/2.15.0/log4j-api-2.15.0.jar",
                    "sha1": "4a5aa7e55a29391c6f66e0b259d5189aa11e45d0",
                    "size": 301804
                }
            }
        },
        {
            "name": "org.apache.logging.log4j:log4j-core:2.15.0",
            "downloads": {
                "artifact": {
                    "path": "org/apache/logging/log4j/log4j-core/2.15.0/log4j-core-2.15.0.jar",
                    "url": "https://libraries.minecraft.net/org/apache/logging/log4j/log4j-core/2.15.0/log4j-core-2.15.0.jar",
                    "sha1": "ba55c13d7ac2fd44df9cc8074455719a33f375b9",
                    "size": 1789769
                }
            }
        },
        {
            "name": "org.apache.logging.log4j:log4j-slf4j18-impl:2.15.0",
            "downloads": {
                "artifact": {
                    "path": "org/apache/logging/log4j/log4j-slf4j18-impl/2.15.0/log4j-slf4j18-impl-2.15.0.jar",
                    "url": "https://libraries.minecraft.net/org/apache/logging/log4j/log4j-slf4j18-impl/2.15.0/log4j-slf4j18-impl-2.15.0.jar",
                    "sha1": "88f72ad364bfc3a7cf43186fc17212f2b4bb8d97",
                    "size": 21223
                }
            }
        },
        {
            "name": "net.minecrell:terminalconsoleappender:1.2.0",
            "downloads": {
                "artifact": {
                    "path": "net/minecrell/terminalconsoleappender/1.2.0/terminalconsoleappender-1.2.0.jar",
                    "url": "https://maven.minecraftforge.net/net/minecrell/terminalconsoleappender/1.2.0/terminalconsoleappender-1.2.0.jar",
                    "sha1": "96d02cd3b384ff015a8fef4223bcb4ccf1717c95",
                    "size": 15977
                }
            }
        },
        {
            "name": "org.jline:jline-reader:3.12.1",
            "downloads": {
                "artifact": {
                    "path": "org/jline/jline-reader/3.12.1/jline-reader-3.12.1.jar",
                    "url": "https://maven.minecraftforge.net/org/jline/jline-reader/3.12.1/jline-reader-3.12.1.jar",
                    "sha1": "4382ab1382c7b6f379377ed5f665dc2f6e1218bc",
                    "size": 150765
                }
            }
        },
        {
            "name": "org.jline:jline-terminal:3.12.1",
            "downloads": {
                "artifact": {
                    "path": "org/jline/jline-terminal/3.12.1/jline-terminal-3.12.1.jar",
                    "url": "https://maven.minecraftforge.net/org/jline/jline-terminal/3.12.1/jline-terminal-3.12.1.jar",
                    "sha1": "c777448314e050d980a6b697c140f3bfe9eb7416",
                    "size": 211712
                }
            }
        },
        {
            "name": "net.sf.jopt-simple:jopt-simple:5.0.4",
            "downloads": {
                "artifact": {
                    "path": "net/sf/jopt-simple/jopt-simple/5.0.4/jopt-simple-5.0.4.jar",
                    "url": "https://libraries.minecraft.net/net/sf/jopt-simple/jopt-simple/5.0.4/jopt-simple-5.0.4.jar",
                    "sha1": "4fdac2fbe92dfad86aa6e9301736f6b4342a3f5c",
                    "size": 78146
                }
            }
        },
        {
            "name": "org.spongepowered:mixin:0.8.5",
            "downloads": {
                "artifact": {
                    "path": "org/spongepowered/mixin/0.8.5/mixin-0.8.5.jar",
                    "url": "https://maven.minecraftforge.net/org/spongepowered/mixin/0.8.5/mixin-0.8.5.jar",
                    "sha1": "9d1c0c3a304ae6697ecd477218fa61b850bf57fc",
                    "size": 1089277
                }
            }
        },
        {
            "name": "org.openjdk.nashorn:nashorn-core:15.3",
            "downloads": {
                "artifact": {
                    "path": "org/openjdk/nashorn/nashorn-core/15.3/nashorn-core-15.3.jar",
                    "url": "https://maven.minecraftforge.net/org/openjdk/nashorn/nashorn-core/15.3/nashorn-core-15.3.jar",
                    "sha1": "43977e804697048fc8d81d333a36c17d07a5b3dd",
                    "size": 2167288
                }
            }
        },
        {
            "name": "com.google.guava:guava:31.0.1-jre",
            "downloads": {
                "artifact": {
                    "path": "com/google/guava/guava/31.0.1-jre/guava-31.0.1-jre.jar",
                    "url": "https://libraries.minecraft.net/com/google/guava/guava/31.0.1-jre/guava-31.0.1-jre.jar",
                    "sha1": "119ea2b2bc205b138974d351777b20f02b92704b",
                    "size": 2974216
                }
            }
        },
        {
            "name": "com.google.code.gson:gson:2.8.8",
            "downloads": {
                "artifact": {
                    "path": "com/google/code/gson/gson/2.8.8/gson-2.8.8.jar",
                    "url": "https://libraries.minecraft.net/com/google/code/gson/gson/2.8.8/gson-2.8.8.jar",
                    "sha1": "431fc3cbc0ff81abdbfde070062741089c3ba874",
                    "size": 242047
                }
            }
        },
        {
            "name": "cpw.mods:bootstraplauncher:1.0.0",
            "downloads": {
                "artifact": {
                    "path": "cpw/mods/bootstraplauncher/1.0.0/bootstraplauncher-1.0.0.jar",
                    "url": "https://maven.minecraftforge.net/cpw/mods/bootstraplauncher/1.0.0/bootstraplauncher-1.0.0.jar",
                    "sha1": "f55ddbb35612c6745cefc47d1a0d6dbfb25d3982",
                    "size": 7828
                }
            }
        },
        {
            "name": "net.minecraftforge:fmlloader:1.18.1-39.1.2",
            "downloads": {
                "artifact": {
                    "path": "net/minecraftforge/fmlloader/1.18.1-39.1.2/fmlloader-1.18.1-39.1.2.jar",
                    "url": "https://maven.minecraftforge.net/net/minecraftforge/fmlloader/1.18.1-39.1.2/fmlloader-1.18.1-39.1.2.jar",
                    "sha1": "8c61723e1cc4b53c7944eebc6995350579d8a4de",
                    "size": 236507
                }
            }
        }
    ]
}