{
    "_comment_": [
        "Please do not automate the download and installation of Forge.",
        "Our efforts are supported by ads from the download page.",
        "If you MUST automate this, please consider supporting the project through https://www.patreon.com/LexManos/"
    ],
    "id": "1.15.2-forge-31.2.57",
    "time": "2021-12-11T17:49:13+00:00",
    "releaseTime": "2021-12-11T17:49:13+00:00",
    "type": "release",
    "mainClass": "cpw.mods.modlauncher.Launcher",
    "inheritsFrom": "1.15.2",
    "logging": {
        
    },
    "arguments": {
        "game": [
            "--launchTarget",
            "fmlclient",
            "--fml.forgeVersion",
            "31.2.57",
            "--fml.mcVersion",
            "1.15.2",
            "--fml.forgeGroup",
            "net.minecraftforge",
            "--fml.mcpVersion",
            "20200515.085601"
        ]
    },
    "libraries": [
        {
            "name": "net.minecraftforge:forge:1.15.2-31.2.57",
            "downloads": {
                "artifact": {
                    "path": "net/minecraftforge/forge/1.15.2-31.2.57/forge-1.15.2-31.2.57.jar",
                    "url": "",
                    "sha1": "a797abb38de27a1c85346a24fa3581871c5d95da",
                    "size": 194694
                }
            }
        },
        {
            "name": "org.ow2.asm:asm:7.2",
            "downloads": {
                "artifact": {
                    "path": "org/ow2/asm/asm/7.2/asm-7.2.jar",
                    "url": "https://maven.minecraftforge.net/org/ow2/asm/asm/7.2/asm-7.2.jar",
                    "sha1": "fa637eb67eb7628c915d73762b681ae7ff0b9731",
                    "size": 114873
                }
            }
        },
        {
            "name": "org.ow2.asm:asm-commons:7.2",
            "downloads": {
                "artifact": {
                    "path": "org/ow2/asm/asm-commons/7.2/asm-commons-7.2.jar",
                    "url": "https://maven.minecraftforge.net/org/ow2/asm/asm-commons/7.2/asm-commons-7.2.jar",
                    "sha1": "ca2954e8d92a05bacc28ff465b25c70e0f512497",
                    "size": 70051
                }
            }
        },
        {
            "name": "org.ow2.asm:asm-tree:7.2",
            "downloads": {
                "artifact": {
                    "path": "org/ow2/asm/asm-tree/7.2/asm-tree-7.2.jar",
                    "url": "https://maven.minecraftforge.net/org/ow2/asm/asm-tree/7.2/asm-tree-7.2.jar",
                    "sha1": "3a23cc36edaf8fc5a89cb100182758ccb5991487",
                    "size": 50283
                }
            }
        },
        {
            "name": "org.ow2.asm:asm-util:7.2",
            "downloads": {
                "artifact": {
                    "path": "org/ow2/asm/asm-util/7.2/asm-util-7.2.jar",
                    "url": "https://maven.minecraftforge.net/org/ow2/asm/asm-util/7.2/asm-util-7.2.jar",
                    "sha1": "a3ae34e57fa8a4040e28247291d0cc3d6b8c7bcf",
                    "size": 80707
                }
            }
        },
        {
            "name": "org.ow2.asm:asm-analysis:7.2",
            "downloads": {
                "artifact": {
                    "path": "org/ow2/asm/asm-analysis/7.2/asm-analysis-7.2.jar",
                    "url": "https://maven.minecraftforge.net/org/ow2/asm/asm-analysis/7.2/asm-analysis-7.2.jar",
                    "sha1": "b6e6abe057f23630113f4167c34bda7086691258",
                    "size": 33444
                }
            }
        },
        {
            "name": "cpw.mods:modlauncher:5.1.2",
            "downloads": {
                "artifact": {
                    "path": "cpw/mods/modlauncher/5.1.2/modlauncher-5.1.2.jar",
                    "url": "https://maven.minecraftforge.net/cpw/mods/modlauncher/5.1.2/modlauncher-5.1.2.jar",
                    "sha1": "42f764429585b8a12ba42d43a02c0c9018710052",
                    "size": 115985
                }
            }
        },
        {
            "name": "cpw.mods:grossjava9hacks:1.3.3",
            "downloads": {
                "artifact": {
                    "path": "cpw/mods/grossjava9hacks/1.3.3/grossjava9hacks-1.3.3.jar",
                    "url": "https://maven.minecraftforge.net/cpw/mods/grossjava9hacks/1.3.3/grossjava9hacks-1.3.3.jar",
                    "sha1": "e49222512ea6cabdd8b49761cef1d5a207b1f0d9",
                    "size": 2113
                }
            }
        },
        {
            "name": "net.minecraftforge:accesstransformers:2.1.3-shadowed",
            "downloads": {
                "artifact": {
                    "path": "net/minecraftforge/accesstransformers/2.1.3-shadowed/accesstransformers-2.1.3-shadowed.jar",
                    "url": "https://maven.minecraftforge.net/net/minecraftforge/accesstransformers/2.1.3/accesstransformers-2.1.3-shadowed.jar",
                    "sha1": "addc10ee659e011004852c6cf1d036180f67a169",
                    "size": 444938
                }
            }
        },
        {
            "name": "net.minecraftforge:eventbus:2.2.1-service",
            "downloads": {
                "artifact": {
                    "path": "net/minecraftforge/eventbus/2.2.1-service/eventbus-2.2.1-service.jar",
                    "url": "https://maven.minecraftforge.net/net/minecraftforge/eventbus/2.2.1/eventbus-2.2.1-service.jar",
                    "sha1": "8b172a50270b3b7545f1696cbccf89cc38b15735",
                    "size": 39772
                }
            }
        },
        {
            "name": "net.minecraftforge:forgespi:3.0.0",
            "downloads": {
                "artifact": {
                    "path": "net/minecraftforge/forgespi/3.0.0/forgespi-3.0.0.jar",
                    "url": "https://maven.minecraftforge.net/net/minecraftforge/forgespi/3.0.0/forgespi-3.0.0.jar",
                    "sha1": "f950d208c9fa7a1d7700d8a222bd08d4baf90600",
                    "size": 19925
                }
            }
        },
        {
            "name": "net.minecraftforge:coremods:2.0.3",
            "downloads": {
                "artifact": {
                    "path": "net/minecraftforge/coremods/2.0.3/coremods-2.0.3.jar",
                    "url": "https://maven.minecraftforge.net/net/minecraftforge/coremods/2.0.3/coremods-2.0.3.jar",
                    "sha1": "9e3f5323f6a2c3ac04fa27481cbeeb48f89757bd",
                    "size": 21802
                }
            }
        },
        {
            "name": "net.minecraftforge:unsafe:0.2.0",
            "downloads": {
                "artifact": {
                    "path": "net/minecraftforge/unsafe/0.2.0/unsafe-0.2.0.jar",
                    "url": "https://maven.minecraftforge.net/net/minecraftforge/unsafe/0.2.0/unsafe-0.2.0.jar",
                    "sha1": "54d7a0a5e8fdb71b973025caa46f341ae5904f39",
                    "size": 2834
                }
            }
        },
        {
            "name": "org.spongepowered:mixin:0.8.2",
            "downloads": {
                "artifact": {
                    "path": "org/spongepowered/mixin/0.8.2/mixin-0.8.2.jar",
                    "url": "https://maven.minecraftforge.net/org/spongepowered/mixin/0.8.2/mixin-0.8.2.jar",
                    "sha1": "1cf212283d26f706fd3074318870bebd14d2a9ed",
                    "size": 935252
                }
            }
        },
        {
            "name": "com.electronwill.night-config:core:3.6.2",
            "downloads": {
                "artifact": {
                    "path": "com/electronwill/night-config/core/3.6.2/core-3.6.2.jar",
                    "url": "https://maven.minecraftforge.net/com/electronwill/night-config/core/3.6.2/core-3.6.2.jar",
                    "sha1": "56f6500038861d4a8832072676da7bf7916217d0",
                    "size": 199091
                }
            }
        },
        {
            "name": "com.electronwill.night-config:toml:3.6.2",
            "downloads": {
                "artifact": {
                    "path": "com/electronwill/night-config/toml/3.6.2/toml-3.6.2.jar",
                    "url": "https://maven.minecraftforge.net/com/electronwill/night-config/toml/3.6.2/toml-3.6.2.jar",
                    "sha1": "3ac4263d06433da39a5eee95e2679f1642d921f0",
                    "size": 31152
                }
            }
        },
        {
            "name": "org.jline:jline:3.12.1",
            "downloads": {
                "artifact": {
                    "path": "org/jline/jline/3.12.1/jline-3.12.1.jar",
                    "url": "https://maven.minecraftforge.net/org/jline/jline/3.12.1/jline-3.12.1.jar",
                    "sha1": "de2bd909cb9f8eaa741bd03df4a1bd3f6eb593c7",
                    "size": 732926
                }
            }
        },
        {
            "name": "org.apache.maven:maven-artifact:3.6.0",
            "downloads": {
                "artifact": {
                    "path": "org/apache/maven/maven-artifact/3.6.0/maven-artifact-3.6.0.jar",
                    "url": "https://maven.minecraftforge.net/org/apache/maven/maven-artifact/3.6.0/maven-artifact-3.6.0.jar",
                    "sha1": "d4c0da647de59c9ccc304a112fe1f1474d49e8eb",
                    "size": 55051
                }
            }
        },
        {
            "name": "net.jodah:typetools:0.8.3",
            "downloads": {
                "artifact": {
                    "path": "net/jodah/typetools/0.8.3/typetools-0.8.3.jar",
                    "url": "https://maven.minecraftforge.net/net/jodah/typetools/0.8.3/typetools-0.8.3.jar",
                    "sha1": "98f84f353457629e81cc6827224871b1a8faa7af",
                    "size": 15425
                }
            }
        },
        {
            "name": "org.apache.logging.log4j:log4j-api:2.15.0",
            "downloads": {
                "artifact": {
                    "path": "org/apache/logging/log4j/log4j-api/2.15.0/log4j-api-2.15.0.jar",
                    "url": "https://maven.minecraftforge.net/org/apache/logging/log4j/log4j-api/2.15.0/log4j-api-2.15.0.jar",
                    "sha1": "4a5aa7e55a29391c6f66e0b259d5189aa11e45d0",
                    "size": 301804
                }
            }
        },
        {
            "name": "org.apache.logging.log4j:log4j-core:2.15.0",
            "downloads": {
                "artifact": {
                    "path": "org/apache/logging/log4j/log4j-core/2.15.0/log4j-core-2.15.0.jar",
                    "url": "https://maven.minecraftforge.net/org/apache/logging/log4j/log4j-core/2.15.0/log4j-core-2.15.0.jar",
                    "sha1": "ba55c13d7ac2fd44df9cc8074455719a33f375b9",
                    "size": 1789769
                }
            }
        },
        {
            "name": "org.apache.logging.log4j:log4j-slf4j18-impl:2.15.0",
            "downloads": {
                "artifact": {
                    "path": "org/apache/logging/log4j/log4j-slf4j18-impl/2.15.0/log4j-slf4j18-impl-2.15.0.jar",
                    "url": "https://maven.minecraftforge.net/org/apache/logging/log4j/log4j-slf4j18-impl/2.15.0/log4j-slf4j18-impl-2.15.0.jar",
                    "sha1": "88f72ad364bfc3a7cf43186fc17212f2b4bb8d97",
                    "size": 21223
                }
            }
        },
        {
            "name": "net.minecrell:terminalconsoleappender:1.2.0",
            "downloads": {
                "artifact": {
                    "path": "net/minecrell/terminalconsoleappender/1.2.0/terminalconsoleappender-1.2.0.jar",
                    "url": "https://maven.minecraftforge.net/net/minecrell/terminalconsoleappender/1.2.0/terminalconsoleappender-1.2.0.jar",
                    "sha1": "96d02cd3b384ff015a8fef4223bcb4ccf1717c95",
                    "size": 15977
                }
            }
        },
        {
            "name": "net.sf.jopt-simple:jopt-simple:5.0.4",
            "downloads": {
                "artifact": {
                    "path": "net/sf/jopt-simple/jopt-simple/5.0.4/jopt-simple-5.0.4.jar",
                    "url": "https://libraries.minecraft.net/net/sf/jopt-simple/jopt-simple/5.0.4/jopt-simple-5.0.4.jar",
                    "sha1": "4fdac2fbe92dfad86aa6e9301736f6b4342a3f5c",
                    "size": 78146
                }
            }
        }
    ]
}