{
  "_comment_": [
    "Please do not automate the download and installation of Forge.",
    "Our efforts are supported by ads from the download page.",
    "If you MUST automate this, please consider supporting the project through https://www.patreon.com/LexManos/"
  ],
  "id": "1.16.4-forge-35.1.37",
  "time": "2021-01-15T00:01:16+00:00",
  "releaseTime": "2021-01-15T00:01:16+00:00",
  "type": "release",
  "mainClass": "cpw.mods.modlauncher.Launcher",
  "inheritsFrom": "1.16.4",
  "logging": {},
  "arguments": {
    "game": [
      "--launchTarget",
      "fmlclient",
      "--fml.forgeVersion",
      "35.1.37",
      "--fml.mcVersion",
      "1.16.4",
      "--fml.forgeGroup",
      "net.minecraftforge",
      "--fml.mcpVersion",
      "20201102.104115"
    ]
  },
  "libraries": [
    {
      "name": "net.minecraftforge:forge:1.16.4-35.1.37",
      "downloads": {
        "artifact": {
          "path": "net/minecraftforge/forge/1.16.4-35.1.37/forge-1.16.4-35.1.37.jar",
          "url": "",
          "sha1": "cdec996db69de5c2971b3300fb3923055f8cfa6a",
          "size": 210116
        }
      }
    },
    {
      "name": "org.ow2.asm:asm:9.0",
      "downloads": {
        "artifact": {
          "path": "org/ow2/asm/asm/9.0/asm-9.0.jar",
          "url": "https://maven.minecraftforge.net/org/ow2/asm/asm/9.0/asm-9.0.jar",
          "sha1": "af582ff60bc567c42d931500c3fdc20e0141ddf9",
          "size": 121783
        }
      }
    },
    {
      "name": "org.ow2.asm:asm-commons:9.0",
      "downloads": {
        "artifact": {
          "path": "org/ow2/asm/asm-commons/9.0/asm-commons-9.0.jar",
          "url": "https://maven.minecraftforge.net/org/ow2/asm/asm-commons/9.0/asm-commons-9.0.jar",
          "sha1": "5a34a3a9ac44f362f35d1b27932380b0031a3334",
          "size": 71646
        }
      }
    },
    {
      "name": "org.ow2.asm:asm-tree:9.0",
      "downloads": {
        "artifact": {
          "path": "org/ow2/asm/asm-tree/9.0/asm-tree-9.0.jar",
          "url": "https://maven.minecraftforge.net/org/ow2/asm/asm-tree/9.0/asm-tree-9.0.jar",
          "sha1": "9df939f25c556b0c7efe00701d47e77a49837f24",
          "size": 52673
        }
      }
    },
    {
      "name": "org.ow2.asm:asm-util:9.0",
      "downloads": {
        "artifact": {
          "path": "org/ow2/asm/asm-util/9.0/asm-util-9.0.jar",
          "url": "https://maven.minecraftforge.net/org/ow2/asm/asm-util/9.0/asm-util-9.0.jar",
          "sha1": "7c059a94ab5eed3347bf954e27fab58e52968848",
          "size": 84857
        }
      }
    },
    {
      "name": "org.ow2.asm:asm-analysis:9.0",
      "downloads": {
        "artifact": {
          "path": "org/ow2/asm/asm-analysis/9.0/asm-analysis-9.0.jar",
          "url": "https://maven.minecraftforge.net/org/ow2/asm/asm-analysis/9.0/asm-analysis-9.0.jar",
          "sha1": "4630afefbb43939c739445dde0af1a5729a0fb4e",
          "size": 33439
        }
      }
    },
    {
      "name": "cpw.mods:modlauncher:8.0.9",
      "downloads": {
        "artifact": {
          "path": "cpw/mods/modlauncher/8.0.9/modlauncher-8.0.9.jar",
          "url": "https://maven.minecraftforge.net/cpw/mods/modlauncher/8.0.9/modlauncher-8.0.9.jar",
          "sha1": "bb848f57758808692b9108df61c909c0a961ba81",
          "size": 126196
        }
      }
    },
    {
      "name": "cpw.mods:grossjava9hacks:1.3.0",
      "downloads": {
        "artifact": {
          "path": "cpw/mods/grossjava9hacks/1.3.0/grossjava9hacks-1.3.0.jar",
          "url": "https://maven.minecraftforge.net/cpw/mods/grossjava9hacks/1.3.0/grossjava9hacks-1.3.0.jar",
          "sha1": "1a922de964d0c19d864fbcba2678c1a1c4602c35",
          "size": 1921
        }
      }
    },
    {
      "name": "net.minecraftforge:accesstransformers:3.0.1",
      "downloads": {
        "artifact": {
          "path": "net/minecraftforge/accesstransformers/3.0.1/accesstransformers-3.0.1.jar",
          "url": "https://maven.minecraftforge.net/net/minecraftforge/accesstransformers/3.0.1/accesstransformers-3.0.1.jar",
          "sha1": "6d23c1b9cb0607fddc38d09730796f68db96f546",
          "size": 76586
        }
      }
    },
    {
      "name": "org.antlr:antlr4-runtime:4.9.1",
      "downloads": {
        "artifact": {
          "path": "org/antlr/antlr4-runtime/4.9.1/antlr4-runtime-4.9.1.jar",
          "url": "https://maven.minecraftforge.net/org/antlr/antlr4-runtime/4.9.1/antlr4-runtime-4.9.1.jar",
          "sha1": "428664f05d2b7f7b7610204b5aa7c1763f62011a",
          "size": 337868
        }
      }
    },
    {
      "name": "net.minecraftforge:eventbus:4.0.0",
      "downloads": {
        "artifact": {
          "path": "net/minecraftforge/eventbus/4.0.0/eventbus-4.0.0.jar",
          "url": "https://maven.minecraftforge.net/net/minecraftforge/eventbus/4.0.0/eventbus-4.0.0.jar",
          "sha1": "260e34800723e4c098c4e247cf2b900535e01b6d",
          "size": 42873
        }
      }
    },
    {
      "name": "net.minecraftforge:forgespi:3.2.0",
      "downloads": {
        "artifact": {
          "path": "net/minecraftforge/forgespi/3.2.0/forgespi-3.2.0.jar",
          "url": "https://maven.minecraftforge.net/net/minecraftforge/forgespi/3.2.0/forgespi-3.2.0.jar",
          "sha1": "0c6ca4e4e4a0343701407c760e642537b613b543",
          "size": 20172
        }
      }
    },
    {
      "name": "net.minecraftforge:coremods:4.0.3",
      "downloads": {
        "artifact": {
          "path": "net/minecraftforge/coremods/4.0.3/coremods-4.0.3.jar",
          "url": "https://maven.minecraftforge.net/net/minecraftforge/coremods/4.0.3/coremods-4.0.3.jar",
          "sha1": "6012880269caf41300eb1355840176bfa316edef",
          "size": 25448
        }
      }
    },
    {
      "name": "net.minecraftforge:unsafe:0.2.0",
      "downloads": {
        "artifact": {
          "path": "net/minecraftforge/unsafe/0.2.0/unsafe-0.2.0.jar",
          "url": "https://maven.minecraftforge.net/net/minecraftforge/unsafe/0.2.0/unsafe-0.2.0.jar",
          "sha1": "54d7a0a5e8fdb71b973025caa46f341ae5904f39",
          "size": 2834
        }
      }
    },
    {
      "name": "com.electronwill.night-config:core:3.6.2",
      "downloads": {
        "artifact": {
          "path": "com/electronwill/night-config/core/3.6.2/core-3.6.2.jar",
          "url": "https://maven.minecraftforge.net/com/electronwill/night-config/core/3.6.2/core-3.6.2.jar",
          "sha1": "56f6500038861d4a8832072676da7bf7916217d0",
          "size": 199091
        }
      }
    },
    {
      "name": "com.electronwill.night-config:toml:3.6.2",
      "downloads": {
        "artifact": {
          "path": "com/electronwill/night-config/toml/3.6.2/toml-3.6.2.jar",
          "url": "https://maven.minecraftforge.net/com/electronwill/night-config/toml/3.6.2/toml-3.6.2.jar",
          "sha1": "3ac4263d06433da39a5eee95e2679f1642d921f0",
          "size": 31152
        }
      }
    },
    {
      "name": "org.jline:jline:3.12.1",
      "downloads": {
        "artifact": {
          "path": "org/jline/jline/3.12.1/jline-3.12.1.jar",
          "url": "https://maven.minecraftforge.net/org/jline/jline/3.12.1/jline-3.12.1.jar",
          "sha1": "de2bd909cb9f8eaa741bd03df4a1bd3f6eb593c7",
          "size": 732926
        }
      }
    },
    {
      "name": "org.apache.maven:maven-artifact:3.6.0",
      "downloads": {
        "artifact": {
          "path": "org/apache/maven/maven-artifact/3.6.0/maven-artifact-3.6.0.jar",
          "url": "https://maven.minecraftforge.net/org/apache/maven/maven-artifact/3.6.0/maven-artifact-3.6.0.jar",
          "sha1": "d4c0da647de59c9ccc304a112fe1f1474d49e8eb",
          "size": 55051
        }
      }
    },
    {
      "name": "net.jodah:typetools:0.8.3",
      "downloads": {
        "artifact": {
          "path": "net/jodah/typetools/0.8.3/typetools-0.8.3.jar",
          "url": "https://maven.minecraftforge.net/net/jodah/typetools/0.8.3/typetools-0.8.3.jar",
          "sha1": "98f84f353457629e81cc6827224871b1a8faa7af",
          "size": 15425
        }
      }
    },
    {
      "name": "org.apache.logging.log4j:log4j-api:2.11.2",
      "downloads": {
        "artifact": {
          "path": "org/apache/logging/log4j/log4j-api/2.11.2/log4j-api-2.11.2.jar",
          "url": "https://maven.minecraftforge.net/org/apache/logging/log4j/log4j-api/2.11.2/log4j-api-2.11.2.jar",
          "sha1": "f5e9a2ffca496057d6891a3de65128efc636e26e",
          "size": 266283
        }
      }
    },
    {
      "name": "org.apache.logging.log4j:log4j-core:2.11.2",
      "downloads": {
        "artifact": {
          "path": "org/apache/logging/log4j/log4j-core/2.11.2/log4j-core-2.11.2.jar",
          "url": "https://maven.minecraftforge.net/org/apache/logging/log4j/log4j-core/2.11.2/log4j-core-2.11.2.jar",
          "sha1": "6c2fb3f5b7cd27504726aef1b674b542a0c9cf53",
          "size": 1629585
        }
      }
    },
    {
      "name": "net.minecrell:terminalconsoleappender:1.2.0",
      "downloads": {
        "artifact": {
          "path": "net/minecrell/terminalconsoleappender/1.2.0/terminalconsoleappender-1.2.0.jar",
          "url": "https://maven.minecraftforge.net/net/minecrell/terminalconsoleappender/1.2.0/terminalconsoleappender-1.2.0.jar",
          "sha1": "96d02cd3b384ff015a8fef4223bcb4ccf1717c95",
          "size": 15977
        }
      }
    },
    {
      "name": "net.sf.jopt-simple:jopt-simple:5.0.4",
      "downloads": {
        "artifact": {
          "path": "net/sf/jopt-simple/jopt-simple/5.0.4/jopt-simple-5.0.4.jar",
          "url": "https://maven.minecraftforge.net/net/sf/jopt-simple/jopt-simple/5.0.4/jopt-simple-5.0.4.jar",
          "sha1": "4fdac2fbe92dfad86aa6e9301736f6b4342a3f5c",
          "size": 78146
        }
      }
    },
    {
      "name": "org.spongepowered:mixin:0.8.2",
      "downloads": {
        "artifact": {
          "path": "org/spongepowered/mixin/0.8.2/mixin-0.8.2.jar",
          "url": "https://maven.minecraftforge.net/org/spongepowered/mixin/0.8.2/mixin-0.8.2.jar",
          "sha1": "1cf212283d26f706fd3074318870bebd14d2a9ed",
          "size": 935252
        }
      }
    },
    {
      "name": "net.minecraftforge:nashorn-core-compat:15.1.1",
      "downloads": {
        "artifact": {
          "path": "net/minecraftforge/nashorn-core-compat/15.1.1/nashorn-core-compat-15.1.1.jar",
          "url": "https://maven.minecraftforge.net/net/minecraftforge/nashorn-core-compat/15.1.1/nashorn-core-compat-15.1.1.jar",
          "sha1": "2dac3ce16b45e7a020a7e5ab4e5099fde5c79170",
          "size": 2194053
        }
      }
    }
  ]
}